<?xml version="1.0"?>
<ruleset name="WooCommerce PayMongo Checkout">
  <description>PHPCS ruleset for WooCommerce PayMongo Checkout.</description>

  <arg name="basepath" value="."/>
  <arg name="colors"/>
  <arg name="parallel" value="8"/>
  <arg value="sp"/>

  <file>woocommerce-paymongo-checkout.php</file>
  <file>src</file>
  <file>uninstall.php</file>

  <exclude-pattern>vendor/*</exclude-pattern>
  <exclude-pattern>assets/build/*</exclude-pattern>

  <rule ref="WordPress">
    <exclude name="WordPress.Files.FileName.InvalidClassFileName"/>
    <exclude name="WordPress.Files.FileName.NotHyphenatedLowercase"/>
    <exclude name="WordPress.Commenting.FileComment.Missing"/>
    <exclude name="WordPress.Commenting.FileComment.MissingPackageTag"/>
    <exclude name="WordPress.PHP.YodaConditions.NotYoda"/>
    <exclude name="WordPress.NamingConventions.ValidVariableName.VariableNotSnakeCase"/>
    <exclude name="WordPress.NamingConventions.ValidFunctionName.MethodNameInvalid"/>
    <exclude name="WordPress.NamingConventions.ValidFunctionName.FunctionNameInvalid"/>
  </rule>

  <rule ref="WordPress-Extra"/>

  <config name="minimum_supported_wp_version" value="6.0"/>
  <config name="testVersion" value="7.4-"/>
</ruleset>
